USE travel_planner;

SET FOREIGN_KEY_CHECKS = 0;
TRUNCATE TABLE itinerary_details;
TRUNCATE TABLE favorites;
TRUNCATE TABLE itineraries;
TRUNCATE TABLE reviews;
TRUNCATE TABLE places;
TRUNCATE TABLE cities;
TRUNCATE TABLE categories;
TRUNCATE TABLE users;
TRUNCATE TABLE countries;
SET FOREIGN_KEY_CHECKS = 1;

-- Categories
INSERT INTO users (user_id, name, email, password) VALUES
(1, 'Neha Chavan', 'neha@email.com', '$2a$10$7bE7VYh5kE3gG0Xg0pX9W.6Q3n5E5V1h2k0Zp4G5v8cF1YzQ7uK6e'),
(2, 'Test User', 'test@example.com', '$2a$10$7bE7VYh5kE3gG0Xg0pX9W.6Q3n5E5V1h2k0Zp4G5v8cF1YzQ7uK6e'),
(3, 'test', 'test@gmail.com', '$2b$10$XACBlSZvLfLHQL7TywGBjujltPBS1cldM7a7WO55XM.JePyUWe.iK');

-- Categories
INSERT INTO categories (category_id, category_name) VALUES
(6, 'Beach'),
(9, 'Dining'),
(10, 'Experience'),
(1, 'Historical'),
(5, 'Monument'),
(2, 'Museum'),
(8, 'Nature'),
(3, 'Park'),
(4, 'Religious'),
(7, 'Shopping');

-- Countries
INSERT INTO countries (country_code, country_name) VALUES
('AE', 'United Arab Emirates'),
('AU', 'Australia'),
('BR', 'Brazil'),
('CA', 'Canada'),
('CH', 'Switzerland'),
('ES', 'Spain'),
('FR', 'France'),
('GB', 'United Kingdom'),
('GR', 'Greece'),
('IN', 'India'),
('IT', 'Italy'),
('JP', 'Japan'),
('MX', 'Mexico'),
('TH', 'Thailand'),
('US', 'United States');

-- Cities
INSERT INTO cities (city_id, name, pincode, country_code) VALUES
(1, 'Mumbai', '400001', 'IN'),
(2, 'Delhi', '110001', 'IN'),
(3, 'Jaipur', '302001', 'IN'),
(4, 'Goa', '403001', 'IN'),
(5, 'Agra', '282001', 'IN'),
(6, 'New York', '10001', 'US'),
(7, 'Los Angeles', '90001', 'US'),
(8, 'Chicago', '60601', 'US'),
(9, 'Miami', '33101', 'US'),
(10, 'Las Vegas', '89101', 'US'),
(11, 'Paris', '75000', 'FR'),
(12, 'Nice', '06000', 'FR'),
(13, 'Lyon', '69000', 'FR'),
(14, 'Marseille', '13000', 'FR'),
(15, 'Bordeaux', '33000', 'FR'),
(16, 'Tokyo', '100000', 'JP'),
(17, 'Kyoto', '600-0000', 'JP'),
(18, 'Osaka', '530-0000', 'JP'),
(19, 'Sapporo', '060-0000', 'JP'),
(20, 'Hiroshima', '730-0000', 'JP'),
(21, 'Rome', '00100', 'IT'),
(22, 'Venice', '30100', 'IT'),
(23, 'Florence', '50100', 'IT'),
(24, 'Milan', '20100', 'IT'),
(25, 'Naples', '80100', 'IT'),
(26, 'Barcelona', '00000', 'ES'),
(27, 'Madrid', '00000', 'ES'),
(28, 'Seville', '00000', 'ES'),
(29, 'Valencia', '00000', 'ES'),
(30, 'Granada', '00000', 'ES'),
(31, 'London', '00000', 'GB'),
(32, 'Edinburgh', '00000', 'GB'),
(33, 'Manchester', '00000', 'GB'),
(34, 'Bath', '00000', 'GB'),
(35, 'Liverpool', '00000', 'GB'),
(36, 'Sydney', '00000', 'AU'),
(37, 'Melbourne', '00000', 'AU'),
(38, 'Brisbane', '00000', 'AU'),
(39, 'Perth', '00000', 'AU'),
(40, 'Adelaide', '00000', 'AU'),
(41, 'Rio de Janeiro', '00000', 'BR'),
(42, 'São Paulo', '00000', 'BR'),
(43, 'Salvador', '00000', 'BR'),
(44, 'Brasília', '00000', 'BR'),
(45, 'Fortaleza', '00000', 'BR'),
(46, 'Toronto', '00000', 'CA'),
(47, 'Vancouver', '00000', 'CA'),
(48, 'Montreal', '00000', 'CA'),
(49, 'Quebec City', '00000', 'CA'),
(50, 'Calgary', '00000', 'CA'),
(51, 'Dubai', '00000', 'AE'),
(52, 'Abu Dhabi', '00000', 'AE'),
(53, 'Sharjah', '00000', 'AE'),
(54, 'Ras Al Khaimah', '00000', 'AE'),
(55, 'Fujairah', '00000', 'AE'),
(56, 'Bangkok', '00000', 'TH'),
(57, 'Chiang Mai', '00000', 'TH'),
(58, 'Phuket', '00000', 'TH'),
(59, 'Pattaya', '00000', 'TH'),
(60, 'Krabi', '00000', 'TH'),
(61, 'Athens', '00000', 'GR'),
(62, 'Thessaloniki', '00000', 'GR'),
(63, 'Santorini', '00000', 'GR'),
(64, 'Heraklion', '00000', 'GR'),
(65, 'Rhodes', '00000', 'GR'),
(66, 'Mexico City', '00000', 'MX'),
(67, 'Cancún', '00000', 'MX'),
(68, 'Guadalajara', '00000', 'MX'),
(69, 'Monterrey', '00000', 'MX'),
(70, 'Oaxaca', '00000', 'MX'),
(71, 'Zurich', '00000', 'CH'),
(72, 'Geneva', '00000', 'CH'),
(73, 'Lucerne', '00000', 'CH'),
(74, 'Bern', '00000', 'CH'),
(75, 'Interlaken', '00000', 'CH'),
(76, 'Barcelona', '00000', 'ES'),
(77, 'Madrid', '00000', 'ES'),
(78, 'Seville', '00000', 'ES'),
(79, 'Valencia', '00000', 'ES'),
(80, 'Granada', '00000', 'ES'),
(81, 'London', '00000', 'GB'),
(82, 'Edinburgh', '00000', 'GB'),
(83, 'Manchester', '00000', 'GB'),
(84, 'Bath', '00000', 'GB'),
(85, 'Liverpool', '00000', 'GB'),
(86, 'Sydney', '00000', 'AU'),
(87, 'Melbourne', '00000', 'AU'),
(88, 'Brisbane', '00000', 'AU'),
(89, 'Perth', '00000', 'AU'),
(90, 'Adelaide', '00000', 'AU'),
(91, 'Rio de Janeiro', '00000', 'BR'),
(92, 'São Paulo', '00000', 'BR'),
(93, 'Salvador', '00000', 'BR'),
(94, 'Brasília', '00000', 'BR'),
(95, 'Fortaleza', '00000', 'BR'),
(96, 'Toronto', '00000', 'CA'),
(97, 'Vancouver', '00000', 'CA'),
(98, 'Montreal', '00000', 'CA'),
(99, 'Quebec City', '00000', 'CA'),
(100, 'Calgary', '00000', 'CA'),
(101, 'Dubai', '00000', 'AE'),
(102, 'Abu Dhabi', '00000', 'AE'),
(103, 'Sharjah', '00000', 'AE'),
(104, 'Ras Al Khaimah', '00000', 'AE'),
(105, 'Fujairah', '00000', 'AE'),
(106, 'Bangkok', '00000', 'TH'),
(107, 'Chiang Mai', '00000', 'TH'),
(108, 'Phuket', '00000', 'TH'),
(109, 'Pattaya', '00000', 'TH'),
(110, 'Krabi', '00000', 'TH'),
(111, 'Athens', '00000', 'GR'),
(112, 'Thessaloniki', '00000', 'GR'),
(113, 'Santorini', '00000', 'GR'),
(114, 'Heraklion', '00000', 'GR'),
(115, 'Rhodes', '00000', 'GR'),
(116, 'Mexico City', '00000', 'MX'),
(117, 'Cancún', '00000', 'MX'),
(118, 'Guadalajara', '00000', 'MX'),
(119, 'Monterrey', '00000', 'MX'),
(120, 'Oaxaca', '00000', 'MX'),
(121, 'Zurich', '00000', 'CH'),
(122, 'Geneva', '00000', 'CH'),
(123, 'Lucerne', '00000', 'CH'),
(124, 'Bern', '00000', 'CH'),
(125, 'Interlaken', '00000', 'CH');

-- Places
INSERT INTO places (place_id, city_id, name, description, address, category_id) VALUES
(1, 1, 'Gateway of India', 'Historic monument', 'Mumbai', 5),
(2, 1, 'Marine Drive', 'Seaside promenade', 'Mumbai', 10),
(3, 1, 'Juhu Beach', 'Popular beach', 'Mumbai', 6),
(4, 2, 'Red Fort', 'Historic fort', 'Delhi', 1),
(5, 2, 'India Gate', 'War memorial', 'Delhi', 5),
(6, 2, 'Qutub Minar', 'Tallest brick minaret', 'Delhi', 1),
(7, 3, 'Hawa Mahal', 'Palace of Winds', 'Jaipur', 1),
(8, 3, 'Amber Palace', 'Hilltop fort', 'Jaipur', 1),
(9, 3, 'City Palace', 'Royal residence', 'Jaipur', 1),
(10, 4, 'Baga Beach', 'Bustling beach', 'Goa', 6),
(11, 4, 'Fort Aguada', 'Portuguese fort', 'Goa', 1),
(12, 4, 'Dudhsagar Falls', 'Waterfalls', 'Goa', 8),
(13, 5, 'Taj Mahal', 'Ivory-white marble mausoleum', 'Agra', 5),
(14, 5, 'Agra Fort', 'Historical fort', 'Agra', 1),
(15, 5, 'Fatehpur Sikri', 'Abandoned city', 'Agra', 1),
(16, 6, 'Statue of Liberty', 'Iconic monument', 'NY', 5),
(17, 6, 'Central Park', 'Large urban park', 'NY', 3),
(18, 6, 'Times Square', 'Commercial intersection', 'NY', 10),
(19, 7, 'Hollywood Walk of Fame', 'Famous sidewalk', 'LA', 10),
(20, 7, 'Griffith Observatory', 'Astronomy and views', 'LA', 2),
(21, 7, 'Santa Monica Pier', 'Amusement pier', 'LA', 6),
(22, 8, 'Millennium Park', 'Public park', 'Chicago', 3),
(23, 8, 'Navy Pier', 'Lakefront destination', 'Chicago', 10),
(24, 8, 'Willis Tower', 'Skyscraper', 'Chicago', 5),
(25, 9, 'South Beach', 'Famous beach', 'Miami', 6),
(26, 9, 'Art Deco District', 'Historic architecture', 'Miami', 1),
(27, 9, 'Vizcaya Museum', 'Estate and gardens', 'Miami', 2),
(28, 10, 'The Strip', 'Resort corridor', 'Las Vegas', 10),
(29, 10, 'Bellagio Fountains', 'Water show', 'Las Vegas', 10),
(30, 10, 'Fremont Street', 'Entertainment district', 'Las Vegas', 10),
(31, 11, 'Eiffel Tower', 'Iconic iron tower', 'Paris', 5),
(32, 11, 'Louvre Museum', 'World largest museum', 'Paris', 2),
(33, 11, 'Notre-Dame Cathedral', 'Gothic cathedral', 'Paris', 4),
(34, 12, 'Promenade des Anglais', 'Seaside walkway', 'Nice', 6),
(35, 12, 'Castle Hill', 'Park with views', 'Nice', 3),
(36, 12, 'Marc Chagall Museum', 'Art museum', 'Nice', 2),
(37, 13, 'Basilica of Notre-Dame', 'Hilltop basilica', 'Lyon', 4),
(38, 13, 'Vieux Lyon', 'Old town', 'Lyon', 1),
(39, 13, 'Parc de la T??te dOr', 'Large urban park', 'Lyon', 3),
(40, 14, 'Old Port', 'Historic harbor', 'Marseille', 10),
(41, 14, 'Notre-Dame de la Garde', 'Basilica', 'Marseille', 4),
(42, 14, 'Calanques National Park', 'Nature park', 'Marseille', 8),
(43, 15, 'Place de la Bourse', 'Historic square', 'Bordeaux', 5),
(44, 15, 'La Cit?? du Vin', 'Wine museum', 'Bordeaux', 2),
(45, 15, 'Grand Th????tre', 'Opera house', 'Bordeaux', 1),
(46, 16, 'Tokyo Tower', 'Observation tower', 'Tokyo', 5),
(47, 16, 'Senso-ji', 'Ancient Buddhist temple', 'Tokyo', 4),
(48, 16, 'Shibuya Crossing', 'Busy intersection', 'Tokyo', 10),
(49, 17, 'Fushimi Inari Taisha', 'Shinto shrine', 'Kyoto', 4),
(50, 17, 'Kinkaku-ji', 'Golden Pavilion', 'Kyoto', 4),
(51, 17, 'Arashiyama Bamboo Grove', 'Bamboo forest', 'Kyoto', 8),
(52, 18, 'Osaka Castle', 'Historic castle', 'Osaka', 1),
(53, 18, 'Dotonbori', 'Entertainment area', 'Osaka', 10),
(54, 18, 'Universal Studios Japan', 'Theme park', 'Osaka', 10),
(55, 19, 'Odori Park', 'Large central park', 'Sapporo', 3),
(56, 19, 'Sapporo TV Tower', 'Observation tower', 'Sapporo', 5),
(57, 19, 'Mount Moiwa', 'Mountain with ropeway', 'Sapporo', 8),
(58, 20, 'Peace Memorial Park', 'Memorial park', 'Hiroshima', 3),
(59, 20, 'Itsukushima Shrine', 'Floating torii gate', 'Hiroshima', 4),
(60, 20, 'Hiroshima Castle', 'Reconstructed castle', 'Hiroshima', 1),
(61, 21, 'Colosseum', 'Ancient amphitheater', 'Rome', 1),
(62, 21, 'Pantheon', 'Former Roman temple', 'Rome', 1),
(63, 21, 'Trevi Fountain', 'Famous fountain', 'Rome', 5),
(64, 22, 'St. Marks Basilica', 'Cathedral', 'Venice', 4),
(65, 22, 'Grand Canal', 'Main waterway', 'Venice', 10),
(66, 22, 'Rialto Bridge', 'Oldest bridge', 'Venice', 5),
(67, 23, 'Florence Cathedral', 'Duomo', 'Florence', 4),
(68, 23, 'Uffizi Gallery', 'Art museum', 'Florence', 2),
(69, 23, 'Ponte Vecchio', 'Medieval bridge', 'Florence', 5),
(70, 24, 'Milan Cathedral', 'Gothic cathedral', 'Milan', 4),
(71, 24, 'Galleria Vittorio Emanuele II', 'Shopping mall', 'Milan', 7),
(72, 24, 'Sforza Castle', 'Historic castle', 'Milan', 1),
(73, 25, 'Mount Vesuvius', 'Active volcano', 'Naples', 8),
(74, 25, 'Pompeii', 'Ancient ruins', 'Naples', 1),
(75, 25, 'Naples National Archaeological Museum', 'Museum', 'Naples', 2),
(76, 26, 'Sagrada Familia', 'Gaudi masterpiece', 'Sagrada Familia, Barcelona', 1),
(77, 26, 'Park Güell', 'Iconic public park', 'Park Güell, Barcelona', 1),
(78, 26, 'Casa Batlló', 'Modernist building', 'Casa Batlló, Barcelona', 1),
(79, 27, 'Prado Museum', 'National Spanish art museum', 'Prado Museum, Madrid', 1),
(80, 27, 'Royal Palace', 'Official residence', 'Royal Palace, Madrid', 1),
(81, 27, 'Retiro Park', 'Expansive gardens', 'Retiro Park, Madrid', 1),
(82, 28, 'Alcázar', 'Royal palace', 'Alcázar, Seville', 1),
(83, 28, 'Plaza de España', 'Landmark square', 'Plaza de España, Seville', 1),
(84, 28, 'Seville Cathedral', 'Gothic cathedral', 'Seville Cathedral, Seville', 1),
(85, 29, 'City of Arts and Sciences', 'Cultural complex', 'City of Arts and Sciences, Valencia', 1),
(86, 29, 'Malvarrosa Beach', 'Popular beach', 'Malvarrosa Beach, Valencia', 1),
(87, 29, 'Central Market', 'Public market', 'Central Market, Valencia', 1),
(88, 30, 'Alhambra', 'Moorish palace', 'Alhambra, Granada', 1),
(89, 30, 'Generalife', 'Palace gardens', 'Generalife, Granada', 1),
(90, 30, 'Albaicín', 'Historic quarter', 'Albaicín, Granada', 1),
(91, 31, 'Big Ben', 'Clock tower', 'Big Ben, London', 1),
(92, 31, 'Tower of London', 'Historic castle', 'Tower of London, London', 1),
(93, 31, 'London Eye', 'Observation wheel', 'London Eye, London', 1),
(94, 32, 'Edinburgh Castle', 'Historic fortress', 'Edinburgh Castle, Edinburgh', 1),
(95, 32, 'Arthur Seat', 'Ancient volcano', 'Arthur Seat, Edinburgh', 1),
(96, 32, 'Royal Mile', 'Historic street', 'Royal Mile, Edinburgh', 1),
(97, 33, 'Old Trafford', 'Football stadium', 'Old Trafford, Manchester', 1),
(98, 33, 'Science Museum', 'Interactive exhibits', 'Science Museum, Manchester', 1),
(99, 33, 'John Rylands Library', 'Gothic library', 'John Rylands Library, Manchester', 1),
(100, 34, 'Roman Baths', 'Ancient bathing complex', 'Roman Baths, Bath', 1),
(101, 34, 'Bath Abbey', 'Anglican parish church', 'Bath Abbey, Bath', 1),
(102, 34, 'Royal Crescent', 'Historic houses', 'Royal Crescent, Bath', 1),
(103, 35, 'Albert Dock', 'Historic dock', 'Albert Dock, Liverpool', 1),
(104, 35, 'The Beatles Story', 'Museum', 'The Beatles Story, Liverpool', 1),
(105, 35, 'Liverpool Cathedral', 'Anglican cathedral', 'Liverpool Cathedral, Liverpool', 1),
(106, 36, 'Sydney Opera House', 'Performing arts centre', 'Sydney Opera House, Sydney', 1),
(107, 36, 'Bondi Beach', 'Famous beach', 'Bondi Beach, Sydney', 1),
(108, 36, 'Harbour Bridge', 'Iconic bridge', 'Harbour Bridge, Sydney', 1),
(109, 37, 'Federation Square', 'Cultural precinct', 'Federation Square, Melbourne', 1),
(110, 37, 'Royal Botanic Gardens', 'Large gardens', 'Royal Botanic Gardens, Melbourne', 1),
(111, 37, 'Queen Victoria Market', 'Historic market', 'Queen Victoria Market, Melbourne', 1),
(112, 38, 'South Bank', 'Cultural area', 'South Bank, Brisbane', 1),
(113, 38, 'Lone Pine Sanctuary', 'Koala sanctuary', 'Lone Pine Sanctuary, Brisbane', 1),
(114, 38, 'Story Bridge', 'Heritage bridge', 'Story Bridge, Brisbane', 1),
(115, 39, 'Kings Park', 'Large city park', 'Kings Park, Perth', 1),
(116, 39, 'Cottesloe Beach', 'Beautiful beach', 'Cottesloe Beach, Perth', 1),
(117, 39, 'Fremantle Prison', 'Historic site', 'Fremantle Prison, Perth', 1),
(118, 40, 'Adelaide Central Market', 'Bustling market', 'Adelaide Central Market, Adelaide', 1),
(119, 40, 'Art Gallery', 'State collection', 'Art Gallery, Adelaide', 1),
(120, 40, 'Glenelg Beach', 'Popular beach', 'Glenelg Beach, Adelaide', 1),
(121, 41, 'Christ the Redeemer', 'Iconic statue', 'Christ the Redeemer, Rio de Janeiro', 1),
(122, 41, 'Copacabana', 'Famous beach', 'Copacabana, Rio de Janeiro', 1),
(123, 41, 'Sugarloaf Mountain', 'Cable car views', 'Sugarloaf Mountain, Rio de Janeiro', 1),
(124, 42, 'Paulista Avenue', 'Bustling street', 'Paulista Avenue, São Paulo', 1),
(125, 42, 'Ibirapuera Park', 'Major urban park', 'Ibirapuera Park, São Paulo', 1),
(126, 42, 'MASP', 'Art museum', 'MASP, São Paulo', 1),
(127, 43, 'Pelourinho', 'Historic center', 'Pelourinho, Salvador', 1),
(128, 43, 'Elevador Lacerda', 'Art Deco elevator', 'Elevador Lacerda, Salvador', 1),
(129, 43, 'Farol da Barra', 'Historic lighthouse', 'Farol da Barra, Salvador', 1),
(130, 44, 'Cathedral of Brasília', 'Modern cathedral', 'Cathedral of Brasília, Brasília', 1),
(131, 44, 'Three Powers Plaza', 'Government center', 'Three Powers Plaza, Brasília', 1),
(132, 44, 'Itamaraty Palace', 'Architecture', 'Itamaraty Palace, Brasília', 1),
(133, 45, 'Praia do Futuro', 'Beach zone', 'Praia do Futuro, Fortaleza', 1),
(134, 45, 'Dragão do Mar', 'Cultural center', 'Dragão do Mar, Fortaleza', 1),
(135, 45, 'Beira Mar', 'Coastal avenue', 'Beira Mar, Fortaleza', 1),
(136, 46, 'CN Tower', 'Observation tower', 'CN Tower, Toronto', 1),
(137, 46, 'Royal Ontario Museum', 'Major museum', 'Royal Ontario Museum, Toronto', 1),
(138, 46, 'Ripley Aquarium', 'Large aquarium', 'Ripley Aquarium, Toronto', 1),
(139, 47, 'Stanley Park', 'Urban park', 'Stanley Park, Vancouver', 1),
(140, 47, 'Capilano Suspension Bridge', 'Bridge over river', 'Capilano Suspension Bridge, Vancouver', 1),
(141, 47, 'Granville Island', 'Market area', 'Granville Island, Vancouver', 1),
(142, 48, 'Mount Royal', 'Hill in city', 'Mount Royal, Montreal', 1),
(143, 48, 'Old Montreal', 'Historic area', 'Old Montreal, Montreal', 1),
(144, 48, 'Notre-Dame Basilica', 'Gothic revival church', 'Notre-Dame Basilica, Montreal', 1),
(145, 49, 'Château Frontenac', 'Grand hotel', 'Château Frontenac, Quebec City', 1),
(146, 49, 'Old Quebec', 'Historic neighborhood', 'Old Quebec, Quebec City', 1),
(147, 49, 'Montmorency Falls', 'Large waterfall', 'Montmorency Falls, Quebec City', 1),
(148, 50, 'Calgary Tower', 'Observation deck', 'Calgary Tower, Calgary', 1),
(149, 50, 'Calgary Stampede', 'Rodeo event', 'Calgary Stampede, Calgary', 1),
(150, 50, 'Heritage Park', 'Historical village', 'Heritage Park, Calgary', 1),
(151, 51, 'Burj Khalifa', 'Tallest building', 'Burj Khalifa, Dubai', 1),
(152, 51, 'Dubai Mall', 'Massive mall', 'Dubai Mall, Dubai', 1),
(153, 51, 'Palm Jumeirah', 'Artificial island', 'Palm Jumeirah, Dubai', 1),
(154, 52, 'Sheikh Zayed Mosque', 'Grand mosque', 'Sheikh Zayed Mosque, Abu Dhabi', 1),
(155, 52, 'Louvre Abu Dhabi', 'Art museum', 'Louvre Abu Dhabi, Abu Dhabi', 1),
(156, 52, 'Ferrari World', 'Theme park', 'Ferrari World, Abu Dhabi', 1),
(157, 53, 'Museum of Islamic Civilization', 'Museum', 'Museum of Islamic Civilization, Sharjah', 1),
(158, 53, 'Al Noor Island', 'Nature park', 'Al Noor Island, Sharjah', 1),
(159, 53, 'Sharjah Aquarium', 'Maritime center', 'Sharjah Aquarium, Sharjah', 1),
(160, 54, 'Jebel Jais', 'Mountain peak', 'Jebel Jais, Ras Al Khaimah', 1),
(161, 54, 'Al Hamra Village', 'Resort area', 'Al Hamra Village, Ras Al Khaimah', 1),
(162, 54, 'National Museum', 'History museum', 'National Museum, Ras Al Khaimah', 1),
(163, 55, 'Fujairah Fort', 'Historic fort', 'Fujairah Fort, Fujairah', 1),
(164, 55, 'Al Aqah Beach', 'Sandy beach', 'Al Aqah Beach, Fujairah', 1),
(165, 55, 'Snoopy Island', 'Snorkeling spot', 'Snoopy Island, Fujairah', 1),
(166, 56, 'Grand Palace', 'Royal residence', 'Grand Palace, Bangkok', 1),
(167, 56, 'Wat Arun', 'Riverside temple', 'Wat Arun, Bangkok', 1),
(168, 56, 'Chatuchak Market', 'Weekend market', 'Chatuchak Market, Bangkok', 1),
(169, 57, 'Doi Suthep', 'Mountain temple', 'Doi Suthep, Chiang Mai', 1),
(170, 57, 'Elephant Nature Park', 'Sanctuary', 'Elephant Nature Park, Chiang Mai', 1),
(171, 57, 'Night Bazaar', 'Shopping area', 'Night Bazaar, Chiang Mai', 1),
(172, 58, 'Patong Beach', 'Lively beach', 'Patong Beach, Phuket', 1),
(173, 58, 'Big Buddha', 'Large landmark', 'Big Buddha, Phuket', 1),
(174, 58, 'Phi Phi Islands', 'Boat tour', 'Phi Phi Islands, Phuket', 1),
(175, 59, 'Sanctuary of Truth', 'Wooden temple', 'Sanctuary of Truth, Pattaya', 1),
(176, 59, 'Walking Street', 'Nightlife area', 'Walking Street, Pattaya', 1),
(177, 59, 'Nong Nooch', 'Botanical garden', 'Nong Nooch, Pattaya', 1),
(178, 60, 'Railay Beach', 'Scenic shores', 'Railay Beach, Krabi', 1),
(179, 60, 'Tiger Cave Temple', 'Spiritual site', 'Tiger Cave Temple, Krabi', 1),
(180, 60, 'Emerald Pool', 'Natural spring', 'Emerald Pool, Krabi', 1),
(181, 61, 'Acropolis', 'Ancient citadel', 'Acropolis, Athens', 1),
(182, 61, 'Parthenon', 'Iconic temple', 'Parthenon, Athens', 1),
(183, 61, 'Plaka', 'Historic neighborhood', 'Plaka, Athens', 1),
(184, 62, 'White Tower', 'Monument', 'White Tower, Thessaloniki', 1),
(185, 62, 'Aristotelous Square', 'City center', 'Aristotelous Square, Thessaloniki', 1),
(186, 62, 'Archaeological Museum', 'History museum', 'Archaeological Museum, Thessaloniki', 1),
(187, 63, 'Oia', 'Cliffside village', 'Oia, Santorini', 1),
(188, 63, 'Fira', 'Capital town', 'Fira, Santorini', 1),
(189, 63, 'Red Beach', 'Volcanic sand beach', 'Red Beach, Santorini', 1),
(190, 64, 'Knossos Palace', 'Minoan ruins', 'Knossos Palace, Heraklion', 1),
(191, 64, 'Archaeological Museum', 'Ancient artifacts', 'Archaeological Museum, Heraklion', 1),
(192, 64, 'Koules Fortress', 'Venetian castle', 'Koules Fortress, Heraklion', 1),
(193, 65, 'Palace of the Grand Master', 'Medieval castle', 'Palace of the Grand Master, Rhodes', 1),
(194, 65, 'Lindos Acropolis', 'Ancient site', 'Lindos Acropolis, Rhodes', 1),
(195, 65, 'Old Town', 'Historic streets', 'Old Town, Rhodes', 1),
(196, 66, 'Zócalo', 'Main square', 'Zócalo, Mexico City', 1),
(197, 66, 'Chapultepec Castle', 'Historic palace', 'Chapultepec Castle, Mexico City', 1),
(198, 66, 'Frida Kahlo Museum', 'Art museum', 'Frida Kahlo Museum, Mexico City', 1),
(199, 67, 'Chichén Itzá', 'Mayan ruins', 'Chichén Itzá, Cancún', 1),
(200, 67, 'Isla Mujeres', 'Island getaway', 'Isla Mujeres, Cancún', 1),
(201, 67, 'Xcaret', 'Eco-archaeological park', 'Xcaret, Cancún', 1),
(202, 68, 'Hospicio Cabañas', 'Cultural institute', 'Hospicio Cabañas, Guadalajara', 1),
(203, 68, 'Guadalajara Cathedral', 'Iconic church', 'Guadalajara Cathedral, Guadalajara', 1),
(204, 68, 'Tlaquepaque', 'Artisan market', 'Tlaquepaque, Guadalajara', 1),
(205, 69, 'Macroplaza', 'Large town square', 'Macroplaza, Monterrey', 1),
(206, 69, 'Fundidora Park', 'Urban park', 'Fundidora Park, Monterrey', 1),
(207, 69, 'Cerro de la Silla', 'Mountain landmark', 'Cerro de la Silla, Monterrey', 1),
(208, 70, 'Monte Albán', 'Zapotec ruins', 'Monte Albán, Oaxaca', 1),
(209, 70, 'Santo Domingo', 'Cultural center', 'Santo Domingo, Oaxaca', 1),
(210, 70, 'Hierve el Agua', 'Natural rock formations', 'Hierve el Agua, Oaxaca', 1),
(211, 71, 'Lake Zurich', 'Scenic lake', 'Lake Zurich, Zurich', 1),
(212, 71, 'Old Town', 'Historic area', 'Old Town, Zurich', 1),
(213, 71, 'Kunsthaus', 'Art museum', 'Kunsthaus, Zurich', 1),
(214, 72, 'Jet d Eau', 'Large fountain', 'Jet d Eau, Geneva', 1),
(215, 72, 'Palace of Nations', 'UN headquarters', 'Palace of Nations, Geneva', 1),
(216, 72, 'St Pierre Cathedral', 'Historic church', 'St Pierre Cathedral, Geneva', 1),
(217, 73, 'Chapel Bridge', 'Wooden bridge', 'Chapel Bridge, Lucerne', 1),
(218, 73, 'Lake Lucerne', 'Glacial lake', 'Lake Lucerne, Lucerne', 1),
(219, 73, 'Lion Monument', 'Rock relief', 'Lion Monument, Lucerne', 1),
(220, 74, 'Zytglogge', 'Clock tower', 'Zytglogge, Bern', 1),
(221, 74, 'Federal Palace', 'Parliament building', 'Federal Palace, Bern', 1),
(222, 74, 'Bear Pit', 'Enclosure', 'Bear Pit, Bern', 1),
(223, 75, 'Jungfraujoch', 'Alpine peak', 'Jungfraujoch, Interlaken', 1),
(224, 75, 'Harder Kulm', 'Viewpoint', 'Harder Kulm, Interlaken', 1),
(225, 75, 'Lake Brienz', 'Turquoise lake', 'Lake Brienz, Interlaken', 1),
(226, 76, 'Sagrada Familia', 'Gaudi masterpiece', 'Sagrada Familia, Barcelona', 1),
(227, 76, 'Park Güell', 'Iconic public park', 'Park Güell, Barcelona', 1),
(228, 76, 'Casa Batlló', 'Modernist building', 'Casa Batlló, Barcelona', 1),
(229, 77, 'Prado Museum', 'National Spanish art museum', 'Prado Museum, Madrid', 1),
(230, 77, 'Royal Palace', 'Official residence', 'Royal Palace, Madrid', 1),
(231, 77, 'Retiro Park', 'Expansive gardens', 'Retiro Park, Madrid', 1),
(232, 78, 'Alcázar', 'Royal palace', 'Alcázar, Seville', 1),
(233, 78, 'Plaza de España', 'Landmark square', 'Plaza de España, Seville', 1),
(234, 78, 'Seville Cathedral', 'Gothic cathedral', 'Seville Cathedral, Seville', 1),
(235, 79, 'City of Arts and Sciences', 'Cultural complex', 'City of Arts and Sciences, Valencia', 1),
(236, 79, 'Malvarrosa Beach', 'Popular beach', 'Malvarrosa Beach, Valencia', 1),
(237, 79, 'Central Market', 'Public market', 'Central Market, Valencia', 1),
(238, 80, 'Alhambra', 'Moorish palace', 'Alhambra, Granada', 1),
(239, 80, 'Generalife', 'Palace gardens', 'Generalife, Granada', 1),
(240, 80, 'Albaicín', 'Historic quarter', 'Albaicín, Granada', 1),
(241, 81, 'Big Ben', 'Clock tower', 'Big Ben, London', 1),
(242, 81, 'Tower of London', 'Historic castle', 'Tower of London, London', 1),
(243, 81, 'London Eye', 'Observation wheel', 'London Eye, London', 1),
(244, 82, 'Edinburgh Castle', 'Historic fortress', 'Edinburgh Castle, Edinburgh', 1),
(245, 82, 'Arthur Seat', 'Ancient volcano', 'Arthur Seat, Edinburgh', 1),
(246, 82, 'Royal Mile', 'Historic street', 'Royal Mile, Edinburgh', 1),
(247, 83, 'Old Trafford', 'Football stadium', 'Old Trafford, Manchester', 1),
(248, 83, 'Science Museum', 'Interactive exhibits', 'Science Museum, Manchester', 1),
(249, 83, 'John Rylands Library', 'Gothic library', 'John Rylands Library, Manchester', 1),
(250, 84, 'Roman Baths', 'Ancient bathing complex', 'Roman Baths, Bath', 1),
(251, 84, 'Bath Abbey', 'Anglican parish church', 'Bath Abbey, Bath', 1),
(252, 84, 'Royal Crescent', 'Historic houses', 'Royal Crescent, Bath', 1),
(253, 85, 'Albert Dock', 'Historic dock', 'Albert Dock, Liverpool', 1),
(254, 85, 'The Beatles Story', 'Museum', 'The Beatles Story, Liverpool', 1),
(255, 85, 'Liverpool Cathedral', 'Anglican cathedral', 'Liverpool Cathedral, Liverpool', 1),
(256, 86, 'Sydney Opera House', 'Performing arts centre', 'Sydney Opera House, Sydney', 1),
(257, 86, 'Bondi Beach', 'Famous beach', 'Bondi Beach, Sydney', 1),
(258, 86, 'Harbour Bridge', 'Iconic bridge', 'Harbour Bridge, Sydney', 1),
(259, 87, 'Federation Square', 'Cultural precinct', 'Federation Square, Melbourne', 1),
(260, 87, 'Royal Botanic Gardens', 'Large gardens', 'Royal Botanic Gardens, Melbourne', 1),
(261, 87, 'Queen Victoria Market', 'Historic market', 'Queen Victoria Market, Melbourne', 1),
(262, 88, 'South Bank', 'Cultural area', 'South Bank, Brisbane', 1),
(263, 88, 'Lone Pine Sanctuary', 'Koala sanctuary', 'Lone Pine Sanctuary, Brisbane', 1),
(264, 88, 'Story Bridge', 'Heritage bridge', 'Story Bridge, Brisbane', 1),
(265, 89, 'Kings Park', 'Large city park', 'Kings Park, Perth', 1),
(266, 89, 'Cottesloe Beach', 'Beautiful beach', 'Cottesloe Beach, Perth', 1),
(267, 89, 'Fremantle Prison', 'Historic site', 'Fremantle Prison, Perth', 1),
(268, 90, 'Adelaide Central Market', 'Bustling market', 'Adelaide Central Market, Adelaide', 1),
(269, 90, 'Art Gallery', 'State collection', 'Art Gallery, Adelaide', 1),
(270, 90, 'Glenelg Beach', 'Popular beach', 'Glenelg Beach, Adelaide', 1),
(271, 91, 'Christ the Redeemer', 'Iconic statue', 'Christ the Redeemer, Rio de Janeiro', 1),
(272, 91, 'Copacabana', 'Famous beach', 'Copacabana, Rio de Janeiro', 1),
(273, 91, 'Sugarloaf Mountain', 'Cable car views', 'Sugarloaf Mountain, Rio de Janeiro', 1),
(274, 92, 'Paulista Avenue', 'Bustling street', 'Paulista Avenue, São Paulo', 1),
(275, 92, 'Ibirapuera Park', 'Major urban park', 'Ibirapuera Park, São Paulo', 1),
(276, 92, 'MASP', 'Art museum', 'MASP, São Paulo', 1),
(277, 93, 'Pelourinho', 'Historic center', 'Pelourinho, Salvador', 1),
(278, 93, 'Elevador Lacerda', 'Art Deco elevator', 'Elevador Lacerda, Salvador', 1),
(279, 93, 'Farol da Barra', 'Historic lighthouse', 'Farol da Barra, Salvador', 1),
(280, 94, 'Cathedral of Brasília', 'Modern cathedral', 'Cathedral of Brasília, Brasília', 1),
(281, 94, 'Three Powers Plaza', 'Government center', 'Three Powers Plaza, Brasília', 1),
(282, 94, 'Itamaraty Palace', 'Architecture', 'Itamaraty Palace, Brasília', 1),
(283, 95, 'Praia do Futuro', 'Beach zone', 'Praia do Futuro, Fortaleza', 1),
(284, 95, 'Dragão do Mar', 'Cultural center', 'Dragão do Mar, Fortaleza', 1),
(285, 95, 'Beira Mar', 'Coastal avenue', 'Beira Mar, Fortaleza', 1),
(286, 96, 'CN Tower', 'Observation tower', 'CN Tower, Toronto', 1),
(287, 96, 'Royal Ontario Museum', 'Major museum', 'Royal Ontario Museum, Toronto', 1),
(288, 96, 'Ripley Aquarium', 'Large aquarium', 'Ripley Aquarium, Toronto', 1),
(289, 97, 'Stanley Park', 'Urban park', 'Stanley Park, Vancouver', 1),
(290, 97, 'Capilano Suspension Bridge', 'Bridge over river', 'Capilano Suspension Bridge, Vancouver', 1),
(291, 97, 'Granville Island', 'Market area', 'Granville Island, Vancouver', 1),
(292, 98, 'Mount Royal', 'Hill in city', 'Mount Royal, Montreal', 1),
(293, 98, 'Old Montreal', 'Historic area', 'Old Montreal, Montreal', 1),
(294, 98, 'Notre-Dame Basilica', 'Gothic revival church', 'Notre-Dame Basilica, Montreal', 1),
(295, 99, 'Château Frontenac', 'Grand hotel', 'Château Frontenac, Quebec City', 1),
(296, 99, 'Old Quebec', 'Historic neighborhood', 'Old Quebec, Quebec City', 1),
(297, 99, 'Montmorency Falls', 'Large waterfall', 'Montmorency Falls, Quebec City', 1),
(298, 100, 'Calgary Tower', 'Observation deck', 'Calgary Tower, Calgary', 1),
(299, 100, 'Calgary Stampede', 'Rodeo event', 'Calgary Stampede, Calgary', 1),
(300, 100, 'Heritage Park', 'Historical village', 'Heritage Park, Calgary', 1),
(301, 101, 'Burj Khalifa', 'Tallest building', 'Burj Khalifa, Dubai', 1),
(302, 101, 'Dubai Mall', 'Massive mall', 'Dubai Mall, Dubai', 1),
(303, 101, 'Palm Jumeirah', 'Artificial island', 'Palm Jumeirah, Dubai', 1),
(304, 102, 'Sheikh Zayed Mosque', 'Grand mosque', 'Sheikh Zayed Mosque, Abu Dhabi', 1),
(305, 102, 'Louvre Abu Dhabi', 'Art museum', 'Louvre Abu Dhabi, Abu Dhabi', 1),
(306, 102, 'Ferrari World', 'Theme park', 'Ferrari World, Abu Dhabi', 1),
(307, 103, 'Museum of Islamic Civilization', 'Museum', 'Museum of Islamic Civilization, Sharjah', 1),
(308, 103, 'Al Noor Island', 'Nature park', 'Al Noor Island, Sharjah', 1),
(309, 103, 'Sharjah Aquarium', 'Maritime center', 'Sharjah Aquarium, Sharjah', 1),
(310, 104, 'Jebel Jais', 'Mountain peak', 'Jebel Jais, Ras Al Khaimah', 1),
(311, 104, 'Al Hamra Village', 'Resort area', 'Al Hamra Village, Ras Al Khaimah', 1),
(312, 104, 'National Museum', 'History museum', 'National Museum, Ras Al Khaimah', 1),
(313, 105, 'Fujairah Fort', 'Historic fort', 'Fujairah Fort, Fujairah', 1),
(314, 105, 'Al Aqah Beach', 'Sandy beach', 'Al Aqah Beach, Fujairah', 1),
(315, 105, 'Snoopy Island', 'Snorkeling spot', 'Snoopy Island, Fujairah', 1),
(316, 106, 'Grand Palace', 'Royal residence', 'Grand Palace, Bangkok', 1),
(317, 106, 'Wat Arun', 'Riverside temple', 'Wat Arun, Bangkok', 1),
(318, 106, 'Chatuchak Market', 'Weekend market', 'Chatuchak Market, Bangkok', 1),
(319, 107, 'Doi Suthep', 'Mountain temple', 'Doi Suthep, Chiang Mai', 1),
(320, 107, 'Elephant Nature Park', 'Sanctuary', 'Elephant Nature Park, Chiang Mai', 1),
(321, 107, 'Night Bazaar', 'Shopping area', 'Night Bazaar, Chiang Mai', 1),
(322, 108, 'Patong Beach', 'Lively beach', 'Patong Beach, Phuket', 1),
(323, 108, 'Big Buddha', 'Large landmark', 'Big Buddha, Phuket', 1),
(324, 108, 'Phi Phi Islands', 'Boat tour', 'Phi Phi Islands, Phuket', 1),
(325, 109, 'Sanctuary of Truth', 'Wooden temple', 'Sanctuary of Truth, Pattaya', 1),
(326, 109, 'Walking Street', 'Nightlife area', 'Walking Street, Pattaya', 1),
(327, 109, 'Nong Nooch', 'Botanical garden', 'Nong Nooch, Pattaya', 1),
(328, 110, 'Railay Beach', 'Scenic shores', 'Railay Beach, Krabi', 1),
(329, 110, 'Tiger Cave Temple', 'Spiritual site', 'Tiger Cave Temple, Krabi', 1),
(330, 110, 'Emerald Pool', 'Natural spring', 'Emerald Pool, Krabi', 1),
(331, 111, 'Acropolis', 'Ancient citadel', 'Acropolis, Athens', 1),
(332, 111, 'Parthenon', 'Iconic temple', 'Parthenon, Athens', 1),
(333, 111, 'Plaka', 'Historic neighborhood', 'Plaka, Athens', 1),
(334, 112, 'White Tower', 'Monument', 'White Tower, Thessaloniki', 1),
(335, 112, 'Aristotelous Square', 'City center', 'Aristotelous Square, Thessaloniki', 1),
(336, 112, 'Archaeological Museum', 'History museum', 'Archaeological Museum, Thessaloniki', 1),
(337, 113, 'Oia', 'Cliffside village', 'Oia, Santorini', 1),
(338, 113, 'Fira', 'Capital town', 'Fira, Santorini', 1),
(339, 113, 'Red Beach', 'Volcanic sand beach', 'Red Beach, Santorini', 1),
(340, 114, 'Knossos Palace', 'Minoan ruins', 'Knossos Palace, Heraklion', 1),
(341, 114, 'Archaeological Museum', 'Ancient artifacts', 'Archaeological Museum, Heraklion', 1),
(342, 114, 'Koules Fortress', 'Venetian castle', 'Koules Fortress, Heraklion', 1),
(343, 115, 'Palace of the Grand Master', 'Medieval castle', 'Palace of the Grand Master, Rhodes', 1),
(344, 115, 'Lindos Acropolis', 'Ancient site', 'Lindos Acropolis, Rhodes', 1),
(345, 115, 'Old Town', 'Historic streets', 'Old Town, Rhodes', 1),
(346, 116, 'Zócalo', 'Main square', 'Zócalo, Mexico City', 1),
(347, 116, 'Chapultepec Castle', 'Historic palace', 'Chapultepec Castle, Mexico City', 1),
(348, 116, 'Frida Kahlo Museum', 'Art museum', 'Frida Kahlo Museum, Mexico City', 1),
(349, 117, 'Chichén Itzá', 'Mayan ruins', 'Chichén Itzá, Cancún', 1),
(350, 117, 'Isla Mujeres', 'Island getaway', 'Isla Mujeres, Cancún', 1),
(351, 117, 'Xcaret', 'Eco-archaeological park', 'Xcaret, Cancún', 1),
(352, 118, 'Hospicio Cabañas', 'Cultural institute', 'Hospicio Cabañas, Guadalajara', 1),
(353, 118, 'Guadalajara Cathedral', 'Iconic church', 'Guadalajara Cathedral, Guadalajara', 1),
(354, 118, 'Tlaquepaque', 'Artisan market', 'Tlaquepaque, Guadalajara', 1),
(355, 119, 'Macroplaza', 'Large town square', 'Macroplaza, Monterrey', 1),
(356, 119, 'Fundidora Park', 'Urban park', 'Fundidora Park, Monterrey', 1),
(357, 119, 'Cerro de la Silla', 'Mountain landmark', 'Cerro de la Silla, Monterrey', 1),
(358, 120, 'Monte Albán', 'Zapotec ruins', 'Monte Albán, Oaxaca', 1),
(359, 120, 'Santo Domingo', 'Cultural center', 'Santo Domingo, Oaxaca', 1),
(360, 120, 'Hierve el Agua', 'Natural rock formations', 'Hierve el Agua, Oaxaca', 1),
(361, 121, 'Lake Zurich', 'Scenic lake', 'Lake Zurich, Zurich', 1),
(362, 121, 'Old Town', 'Historic area', 'Old Town, Zurich', 1),
(363, 121, 'Kunsthaus', 'Art museum', 'Kunsthaus, Zurich', 1),
(364, 122, 'Jet d Eau', 'Large fountain', 'Jet d Eau, Geneva', 1),
(365, 122, 'Palace of Nations', 'UN headquarters', 'Palace of Nations, Geneva', 1),
(366, 122, 'St Pierre Cathedral', 'Historic church', 'St Pierre Cathedral, Geneva', 1),
(367, 123, 'Chapel Bridge', 'Wooden bridge', 'Chapel Bridge, Lucerne', 1),
(368, 123, 'Lake Lucerne', 'Glacial lake', 'Lake Lucerne, Lucerne', 1),
(369, 123, 'Lion Monument', 'Rock relief', 'Lion Monument, Lucerne', 1),
(370, 124, 'Zytglogge', 'Clock tower', 'Zytglogge, Bern', 1),
(371, 124, 'Federal Palace', 'Parliament building', 'Federal Palace, Bern', 1),
(372, 124, 'Bear Pit', 'Enclosure', 'Bear Pit, Bern', 1),
(373, 125, 'Jungfraujoch', 'Alpine peak', 'Jungfraujoch, Interlaken', 1),
(374, 125, 'Harder Kulm', 'Viewpoint', 'Harder Kulm, Interlaken', 1),
(375, 125, 'Lake Brienz', 'Turquoise lake', 'Lake Brienz, Interlaken', 1);

